{
  "genShipsAfloat": [
    {
      "position": ["Point", 500, 500],
      "vecEnd": ["Point", 500.72176, 499.92913],
      "type": "Own Ship",
      "vector": ["Point", -0.72176, 0.07087],
      "posSelected": false,
      "vecSelected": false,
      "course": 6.185306608210628,
      "speed": 7.252290409331648
    },
    {
      "position": ["Point", 513.85458, 500.39746],
      "vecEnd": ["Point", 514.19329, 499.93201],
      "vector": ["Point", -0.33872, 0.46544],
      "speed": 5.756449787476747,
      "course": 5.341486404438055,
      "type": "VEIF",
      "posSelected": false,
      "vecSelected": false,
      "targetSelected": true,
      "editSelected": false,
      "vecOwnShip": ["Point", 13.85458, 0.39746],
      "OwnShipAngle": 1.6432334334798653,
      "relposX": 13.854575600345129,
      "relposY": 0.3974559049825075,
      "range": 13.86027547569254,
      "name": "001",
      "rules": [],
      "bearings": [],
      "bearingsTaken": [],
      "selectCount": 0,
      "toBeReported": false,
      "tcpa": 108.4,
      "posAtCPA": ["Point", 519.97431, 491.98814],
      "ownPosAtCPA": ["Point", 513.04025, 498.71955],
      "vecToCPA": ["Point", -6.93407, 6.73141],
      "USNRelAtCPA": 141.45767824307515,
      "cpa": 9.66401170985312
    },
    {
      "position": ["Point", 500.35004, 493.00223],
      "vecEnd": ["Point", 500.03506, 492.64198],
      "vector": ["Point", 0.31498, 0.36025],
      "speed": 4.785378572516438,
      "course": 3.9939343290701275,
      "type": "VEIF",
      "posSelected": false,
      "vecSelected": false,
      "targetSelected": false,
      "editSelected": false,
      "vecOwnShip": ["Point", 0.35004, -6.99777],
      "OwnShipAngle": -87.13632668730912,
      "relposX": 0.35004376313247576,
      "relposY": -6.997769982447153,
      "range": 7.006519489971207,
      "name": "002",
      "rules": [],
      "bearings": [],
      "bearingsTaken": [],
      "selectCount": 0,
      "toBeReported": false,
      "tcpa": -8.6,
      "posAtCPA": ["Point", 500.80193, 493.51906],
      "ownPosAtCPA": ["Point", 498.96454, 500.10167],
      "vecToCPA": ["Point", -1.83739, 6.58261],
      "USNRelAtCPA": 111.2039306674464,
      "cpa": 6.83423447563472
    },
    {
      "position": ["Point", 498.66102, 506.14778],
      "vecEnd": ["Point", 500.64372, 505.84171],
      "vector": ["Point", -1.9827, 0.30607],
      "speed": 20.061855106708904,
      "course": 6.130025713233699,
      "type": "PDV",
      "posSelected": false,
      "vecSelected": false,
      "targetSelected": false,
      "editSelected": false,
      "vecOwnShip": ["Point", -1.33898, 6.14778],
      "OwnShipAngle": 102.28705593051312,
      "relposX": -1.3389783197580982,
      "relposY": 6.147781594384128,
      "range": 6.291906028623638,
      "name": "003",
      "rules": [],
      "bearings": [],
      "bearingsTaken": [],
      "selectCount": 0,
      "toBeReported": false,
      "tcpa": 11.4,
      "posAtCPA": ["Point", 502.43809, 505.56472],
      "ownPosAtCPA": ["Point", 501.37496, 499.86499],
      "vecToCPA": ["Point", -1.06313, -5.69973],
      "USNRelAtCPA": 265.0424424162011,
      "cpa": 5.798033366695305
    },
    {
      "position": ["Point", 503.56855, 500.84451],
      "vecEnd": ["Point", 502.4586, 500.25185],
      "vector": ["Point", 1.10994, 0.59267],
      "speed": 12.582661403585771,
      "course": 3.6320398515068764,
      "type": "PDV",
      "typeSound": "PDV - making way",
      "posSelected": false,
      "vecSelected": false,
      "targetSelected": false,
      "editSelected": false,
      "vecOwnShip": ["Point", 3.56855, 0.84451],
      "OwnShipAngle": 13.314370607076821,
      "relposX": 3.568549531104509,
      "relposY": 0.844514477915709,
      "range": 3.66711745917082,
      "name": "004",
      "rules": ["19"],
      "bearings": [],
      "bearingsTaken": [],
      "selectCount": 0,
      "toBeReported": true,
      "tcpa": 11.5,
      "posAtCPA": ["Point", 501.43361, 499.70454],
      "ownPosAtCPA": ["Point", 501.38828, 499.86368],
      "vecToCPA": ["Point", -0.04534, 0.15914],
      "USNRelAtCPA": 111.5087211944923,
      "cpa": 0.16547636880649447
    }
  ],
  "center": ["Point", 500, 500],
  "resVis": true
}
